{"max": [-0.092936, 0.225353, 0.847872], "centroid": [-7.155882329639885, 0.0027197693058171905, -1.6077408227146803], "id": "1af4b32eafffb0f7ee60c37cbf99c1c", "numVertices": 361, "min": [-9.29939, -0.162606, -2.57394]}
