{"max": [51.8529, 20.1086, -24.1847], "centroid": [32.61878270563424, 14.36417332529875, -58.59884675102959], "id": "1b0b1d2cb9f9d5c0575bd26acccafabd", "numVertices": 9957, "min": [15.2163, 12.0856, -70.5593]}
