{"max": [-1.74557, 12.7627, 48.0069], "centroid": [-23.450514763785918, 3.6434150109357564, 15.898679670001686], "id": "1b3c6b2fbcf834cf62b600da24e0965", "numVertices": 24554, "min": [-45.1271, -2.38419e-07, 7.62939e-06]}
