{"max": [0.235023, 0.989249, 3.50367], "centroid": [-0.7246758085031177, 0.0840224840357518, 1.4721646402484343], "id": "1a1dcd236a1e6133860800e6696b8284", "numVertices": 54598, "min": [-1.58556, -0.445505, -0.492349]}
